Workbook

Sheet Pregled
A1: Zona 7, 2026: pregled odvoza
A3: Danas | B3: =TODAY()
A5: Vrsta otpada | B5: Sljedeći odvoz | C5: Dan | D5: Za dana | E5: Ukupno u 2026.
A6: Miješani komunalni otpad | B6: =IFERROR(1/(1/_xlfn.MINIFS(Raspored!$A$5:$A$25,Raspored!$D$5:$D$25,"x",Raspored!$A$5:$A$25,">="&$B$3)),"nema više u 2026.") | C6: =IF(ISNUMBER(B6),INDEX({"nedjelja","ponedjeljak","utorak","srijeda","četvrtak","petak","subota"},WEEKDAY(B6)),"") | D6: =IF(ISNUMBER(B6),B6-$B$3,"") | E6: =COUNTIF(Raspored!$D$5:$D$25,"x")
A7: Plastična i metalna ambalaža | B7: =IFERROR(1/(1/_xlfn.MINIFS(Raspored!$A$5:$A$25,Raspored!$E$5:$E$25,"x",Raspored!$A$5:$A$25,">="&$B$3)),"nema više u 2026.") | C7: =IF(ISNUMBER(B7),INDEX({"nedjelja","ponedjeljak","utorak","srijeda","četvrtak","petak","subota"},WEEKDAY(B7)),"") | D7: =IF(ISNUMBER(B7),B7-$B$3,"") | E7: =COUNTIF(Raspored!$E$5:$E$25,"x")
A8: Papir i karton | B8: =IFERROR(1/(1/_xlfn.MINIFS(Raspored!$A$5:$A$25,Raspored!$F$5:$F$25,"x",Raspored!$A$5:$A$25,">="&$B$3)),"nema više u 2026.") | C8: =IF(ISNUMBER(B8),INDEX({"nedjelja","ponedjeljak","utorak","srijeda","četvrtak","petak","subota"},WEEKDAY(B8)),"") | D8: =IF(ISNUMBER(B8),B8-$B$3,"") | E8: =COUNTIF(Raspored!$F$5:$F$25,"x")
A9: Staklena ambalaža (vrećica) | B9: =IFERROR(1/(1/_xlfn.MINIFS(Raspored!$A$5:$A$25,Raspored!$G$5:$G$25,"x",Raspored!$A$5:$A$25,">="&$B$3)),"nema više u 2026.") | C9: =IF(ISNUMBER(B9),INDEX({"nedjelja","ponedjeljak","utorak","srijeda","četvrtak","petak","subota"},WEEKDAY(B9)),"") | D9: =IF(ISNUMBER(B9),B9-$B$3,"") | E9: =COUNTIF(Raspored!$G$5:$G$25,"x")
A10: Glomazni otpad (samo uz najavu) | B10: =IFERROR(1/(1/_xlfn.MINIFS(Raspored!$A$5:$A$25,Raspored!$H$5:$H$25,"x",Raspored!$A$5:$A$25,">="&$B$3)),"nema više u 2026.") | C10: =IF(ISNUMBER(B10),INDEX({"nedjelja","ponedjeljak","utorak","srijeda","četvrtak","petak","subota"},WEEKDAY(B10)),"") | D10: =IF(ISNUMBER(B10),B10-$B$3,"") | E10: =COUNTIF(Raspored!$H$5:$H$25,"x")
A12: Broj odvoza po mjesecu
A13: Mjesec | B13: Miješani komunalni otpad | C13: Plastična i metalna ambalaža | D13: Papir i karton | E13: Staklena ambalaža (vrećica) | F13: Glomazni otpad (samo uz najavu)
A14: siječanj | B14: =COUNTIFS(Raspored!$C$5:$C$25,$A14,Raspored!$D$5:$D$25,"x") | C14: =COUNTIFS(Raspored!$C$5:$C$25,$A14,Raspored!$E$5:$E$25,"x") | D14: =COUNTIFS(Raspored!$C$5:$C$25,$A14,Raspored!$F$5:$F$25,"x") | E14: =COUNTIFS(Raspored!$C$5:$C$25,$A14,Raspored!$G$5:$G$25,"x") | F14: =COUNTIFS(Raspored!$C$5:$C$25,$A14,Raspored!$H$5:$H$25,"x")
A15: veljača | B15: =COUNTIFS(Raspored!$C$5:$C$25,$A15,Raspored!$D$5:$D$25,"x") | C15: =COUNTIFS(Raspored!$C$5:$C$25,$A15,Raspored!$E$5:$E$25,"x") | D15: =COUNTIFS(Raspored!$C$5:$C$25,$A15,Raspored!$F$5:$F$25,"x") | E15: =COUNTIFS(Raspored!$C$5:$C$25,$A15,Raspored!$G$5:$G$25,"x") | F15: =COUNTIFS(Raspored!$C$5:$C$25,$A15,Raspored!$H$5:$H$25,"x")
A16: ožujak | B16: =COUNTIFS(Raspored!$C$5:$C$25,$A16,Raspored!$D$5:$D$25,"x") | C16: =COUNTIFS(Raspored!$C$5:$C$25,$A16,Raspored!$E$5:$E$25,"x") | D16: =COUNTIFS(Raspored!$C$5:$C$25,$A16,Raspored!$F$5:$F$25,"x") | E16: =COUNTIFS(Raspored!$C$5:$C$25,$A16,Raspored!$G$5:$G$25,"x") | F16: =COUNTIFS(Raspored!$C$5:$C$25,$A16,Raspored!$H$5:$H$25,"x")
A17: travanj | B17: =COUNTIFS(Raspored!$C$5:$C$25,$A17,Raspored!$D$5:$D$25,"x") | C17: =COUNTIFS(Raspored!$C$5:$C$25,$A17,Raspored!$E$5:$E$25,"x") | D17: =COUNTIFS(Raspored!$C$5:$C$25,$A17,Raspored!$F$5:$F$25,"x") | E17: =COUNTIFS(Raspored!$C$5:$C$25,$A17,Raspored!$G$5:$G$25,"x") | F17: =COUNTIFS(Raspored!$C$5:$C$25,$A17,Raspored!$H$5:$H$25,"x")
A18: svibanj | B18: =COUNTIFS(Raspored!$C$5:$C$25,$A18,Raspored!$D$5:$D$25,"x") | C18: =COUNTIFS(Raspored!$C$5:$C$25,$A18,Raspored!$E$5:$E$25,"x") | D18: =COUNTIFS(Raspored!$C$5:$C$25,$A18,Raspored!$F$5:$F$25,"x") | E18: =COUNTIFS(Raspored!$C$5:$C$25,$A18,Raspored!$G$5:$G$25,"x") | F18: =COUNTIFS(Raspored!$C$5:$C$25,$A18,Raspored!$H$5:$H$25,"x")
A19: lipanj | B19: =COUNTIFS(Raspored!$C$5:$C$25,$A19,Raspored!$D$5:$D$25,"x") | C19: =COUNTIFS(Raspored!$C$5:$C$25,$A19,Raspored!$E$5:$E$25,"x") | D19: =COUNTIFS(Raspored!$C$5:$C$25,$A19,Raspored!$F$5:$F$25,"x") | E19: =COUNTIFS(Raspored!$C$5:$C$25,$A19,Raspored!$G$5:$G$25,"x") | F19: =COUNTIFS(Raspored!$C$5:$C$25,$A19,Raspored!$H$5:$H$25,"x")
A20: srpanj | B20: =COUNTIFS(Raspored!$C$5:$C$25,$A20,Raspored!$D$5:$D$25,"x") | C20: =COUNTIFS(Raspored!$C$5:$C$25,$A20,Raspored!$E$5:$E$25,"x") | D20: =COUNTIFS(Raspored!$C$5:$C$25,$A20,Raspored!$F$5:$F$25,"x") | E20: =COUNTIFS(Raspored!$C$5:$C$25,$A20,Raspored!$G$5:$G$25,"x") | F20: =COUNTIFS(Raspored!$C$5:$C$25,$A20,Raspored!$H$5:$H$25,"x")
A21: kolovoz | B21: =COUNTIFS(Raspored!$C$5:$C$25,$A21,Raspored!$D$5:$D$25,"x") | C21: =COUNTIFS(Raspored!$C$5:$C$25,$A21,Raspored!$E$5:$E$25,"x") | D21: =COUNTIFS(Raspored!$C$5:$C$25,$A21,Raspored!$F$5:$F$25,"x") | E21: =COUNTIFS(Raspored!$C$5:$C$25,$A21,Raspored!$G$5:$G$25,"x") | F21: =COUNTIFS(Raspored!$C$5:$C$25,$A21,Raspored!$H$5:$H$25,"x")
A22: rujan | B22: =COUNTIFS(Raspored!$C$5:$C$25,$A22,Raspored!$D$5:$D$25,"x") | C22: =COUNTIFS(Raspored!$C$5:$C$25,$A22,Raspored!$E$5:$E$25,"x") | D22: =COUNTIFS(Raspored!$C$5:$C$25,$A22,Raspored!$F$5:$F$25,"x") | E22: =COUNTIFS(Raspored!$C$5:$C$25,$A22,Raspored!$G$5:$G$25,"x") | F22: =COUNTIFS(Raspored!$C$5:$C$25,$A22,Raspored!$H$5:$H$25,"x")
A23: listopad | B23: =COUNTIFS(Raspored!$C$5:$C$25,$A23,Raspored!$D$5:$D$25,"x") | C23: =COUNTIFS(Raspored!$C$5:$C$25,$A23,Raspored!$E$5:$E$25,"x") | D23: =COUNTIFS(Raspored!$C$5:$C$25,$A23,Raspored!$F$5:$F$25,"x") | E23: =COUNTIFS(Raspored!$C$5:$C$25,$A23,Raspored!$G$5:$G$25,"x") | F23: =COUNTIFS(Raspored!$C$5:$C$25,$A23,Raspored!$H$5:$H$25,"x")
A24: studeni | B24: =COUNTIFS(Raspored!$C$5:$C$25,$A24,Raspored!$D$5:$D$25,"x") | C24: =COUNTIFS(Raspored!$C$5:$C$25,$A24,Raspored!$E$5:$E$25,"x") | D24: =COUNTIFS(Raspored!$C$5:$C$25,$A24,Raspored!$F$5:$F$25,"x") | E24: =COUNTIFS(Raspored!$C$5:$C$25,$A24,Raspored!$G$5:$G$25,"x") | F24: =COUNTIFS(Raspored!$C$5:$C$25,$A24,Raspored!$H$5:$H$25,"x")
A25: prosinac | B25: =COUNTIFS(Raspored!$C$5:$C$25,$A25,Raspored!$D$5:$D$25,"x") | C25: =COUNTIFS(Raspored!$C$5:$C$25,$A25,Raspored!$E$5:$E$25,"x") | D25: =COUNTIFS(Raspored!$C$5:$C$25,$A25,Raspored!$F$5:$F$25,"x") | E25: =COUNTIFS(Raspored!$C$5:$C$25,$A25,Raspored!$G$5:$G$25,"x") | F25: =COUNTIFS(Raspored!$C$5:$C$25,$A25,Raspored!$H$5:$H$25,"x")
A26: Ukupno | B26: =SUM(B14:B25) | C26: =SUM(C14:C25) | D26: =SUM(D14:D25) | E26: =SUM(E14:E25) | F26: =SUM(F14:F25)
A28: Napomene:
A29: • Doroslov od 1.7.2026.; prije toga Eko-Flor/Mull-Trans. Doroslovov raspored za ovu općinu objavljen je od 07.09.2026. Mobilno reciklažno dvorište: 13.11. (lokacije i vrijeme u PDF-u rasporeda).
A30: • Biootpad se na ovom području ne odvozi; preporučuje se kućno kompostiranje.
A31: • Miješani komunalni otpad odvozi se jednom u dva tjedna, plastika i metal, papir i staklo jednom mjesečno.
A32: • Glomazni otpad odvozi se na označeni dan samo uz najavu najkasnije tri dana prije: 031/632-284 ili info@doroslov.hr.
A33: • Pomaci zbog blagdana već su upisani u rasporede.
A34: • Općine Magadenovac, Podravsku Moslavinu i Viljevo Doroslov preuzima od 1.7.2026.; ovdje su samo datumi iz Doroslovih rasporeda.
A35: • Odlagalište i reciklažno dvorište Donji Miholjac: pon-pet 12-17 h.
A36: • Izvori: https://doroslov.hr/wp-content/uploads/2026/08/Raspored-odvoza-otpada-2026-D.Miholjac.pdf, https://doroslov.hr/wp-content/uploads/2026/08/Raspored-odvoza-otpada-2026-Marijanci.pdf, https://doroslov.hr/wp-content/uploads/2026/10/Raspored-odvoza-otpada-2026-Magadenovac-1.pdf, https://doroslov.hr/wp-content/uploads/2026/08/Raspored-odvoza-otpada-2026-Moslavina-1.pdf, https://doroslov.hr/wp-content/uploads/2026/08/Raspored-odvoza-otpada-2026-Viljevo-1.pdf

Sheet Raspored
A1: Raspored odvoza otpada 2026., Zona 7 (Podravska Moslavina)
A2: "x" = odvoz tog dana. Spremnike iznijeti do 07:00. Prošli datumi su posivljeni.
A4: Datum | B4: Dan | C4: Mjesec | D4: Miješani komunalni otpad | E4: Plastična i metalna ambalaža | F4: Papir i karton | G4: Staklena ambalaža (vrećica) | H4: Glomazni otpad (samo uz najavu) | I4: Napomena
A5: 46272 | B5: ponedjeljak | C5: rujan | D5: x
A6: 46279 | B6: ponedjeljak | C6: rujan | E6: x
A7: 46286 | B7: ponedjeljak | C7: rujan | D7: x | H7: x
A8: 46293 | B8: ponedjeljak | C8: rujan | F8: x
A9: 46295 | B9: srijeda | C9: rujan | G9: x
A10: 46300 | B10: ponedjeljak | C10: listopad | D10: x
A11: 46307 | B11: ponedjeljak | C11: listopad | E11: x
A12: 46314 | B12: ponedjeljak | C12: listopad | D12: x
A13: 46321 | B13: ponedjeljak | C13: listopad | F13: x
A14: 46323 | B14: srijeda | C14: listopad | G14: x
A15: 46328 | B15: ponedjeljak | C15: studeni | D15: x
A16: 46335 | B16: ponedjeljak | C16: studeni | E16: x
A17: 46342 | B17: ponedjeljak | C17: studeni | D17: x
A18: 46349 | B18: ponedjeljak | C18: studeni | F18: x
A19: 46351 | B19: srijeda | C19: studeni | G19: x
A20: 46356 | B20: ponedjeljak | C20: studeni | D20: x
A21: 46363 | B21: ponedjeljak | C21: prosinac | D21: x
A22: 46370 | B22: ponedjeljak | C22: prosinac | E22: x
A23: 46377 | B23: ponedjeljak | C23: prosinac | D23: x
A24: 46384 | B24: ponedjeljak | C24: prosinac | F24: x
A25: 46386 | B25: srijeda | C25: prosinac | G25: x

Sheet Po vrsti
A1: Datum | B1: Dan | C1: Vrsta otpada | D1: Napomena
A2: 46272 | B2: ponedjeljak | C2: Miješani komunalni otpad
A3: 46279 | B3: ponedjeljak | C3: Plastična i metalna ambalaža
A4: 46286 | B4: ponedjeljak | C4: Miješani komunalni otpad
A5: 46286 | B5: ponedjeljak | C5: Glomazni otpad (samo uz najavu)
A6: 46293 | B6: ponedjeljak | C6: Papir i karton
A7: 46295 | B7: srijeda | C7: Staklena ambalaža (vrećica)
A8: 46300 | B8: ponedjeljak | C8: Miješani komunalni otpad
A9: 46307 | B9: ponedjeljak | C9: Plastična i metalna ambalaža
A10: 46314 | B10: ponedjeljak | C10: Miješani komunalni otpad
A11: 46321 | B11: ponedjeljak | C11: Papir i karton
A12: 46323 | B12: srijeda | C12: Staklena ambalaža (vrećica)
A13: 46328 | B13: ponedjeljak | C13: Miješani komunalni otpad
... A23: 46386 | B23: srijeda | C23: Staklena ambalaža (vrećica)
