Workbook

Sheet Pregled
A1: Zona 59, 2026: pregled odvoza
A3: Danas | B3: =TODAY()
A5: Vrsta otpada | B5: Sljedeći odvoz | C5: Dan | D5: Za dana | E5: Ukupno u 2026.
A6: Miješani komunalni otpad | B6: =IFERROR(1/(1/_xlfn.MINIFS(Raspored!$A$5:$A$34,Raspored!$D$5:$D$34,"x",Raspored!$A$5:$A$34,">="&$B$3)),"nema više u 2026.") | C6: =IF(ISNUMBER(B6),INDEX({"nedjelja","ponedjeljak","utorak","srijeda","četvrtak","petak","subota"},WEEKDAY(B6)),"") | D6: =IF(ISNUMBER(B6),B6-$B$3,"") | E6: =COUNTIF(Raspored!$D$5:$D$34,"x")
A7: Plastika i metal | B7: =IFERROR(1/(1/_xlfn.MINIFS(Raspored!$A$5:$A$34,Raspored!$E$5:$E$34,"x",Raspored!$A$5:$A$34,">="&$B$3)),"nema više u 2026.") | C7: =IF(ISNUMBER(B7),INDEX({"nedjelja","ponedjeljak","utorak","srijeda","četvrtak","petak","subota"},WEEKDAY(B7)),"") | D7: =IF(ISNUMBER(B7),B7-$B$3,"") | E7: =COUNTIF(Raspored!$E$5:$E$34,"x")
A8: Papir i karton | B8: =IFERROR(1/(1/_xlfn.MINIFS(Raspored!$A$5:$A$34,Raspored!$F$5:$F$34,"x",Raspored!$A$5:$A$34,">="&$B$3)),"nema više u 2026.") | C8: =IF(ISNUMBER(B8),INDEX({"nedjelja","ponedjeljak","utorak","srijeda","četvrtak","petak","subota"},WEEKDAY(B8)),"") | D8: =IF(ISNUMBER(B8),B8-$B$3,"") | E8: =COUNTIF(Raspored!$F$5:$F$34,"x")
A9: Glomazni otpad | B9: =IFERROR(1/(1/_xlfn.MINIFS(Raspored!$A$5:$A$34,Raspored!$G$5:$G$34,"x",Raspored!$A$5:$A$34,">="&$B$3)),"nema više u 2026.") | C9: =IF(ISNUMBER(B9),INDEX({"nedjelja","ponedjeljak","utorak","srijeda","četvrtak","petak","subota"},WEEKDAY(B9)),"") | D9: =IF(ISNUMBER(B9),B9-$B$3,"") | E9: =COUNTIF(Raspored!$G$5:$G$34,"x")
A11: Broj odvoza po mjesecu
A12: Mjesec | B12: Miješani komunalni otpad | C12: Plastika i metal | D12: Papir i karton | E12: Glomazni otpad
A13: siječanj | B13: =COUNTIFS(Raspored!$C$5:$C$34,$A13,Raspored!$D$5:$D$34,"x") | C13: =COUNTIFS(Raspored!$C$5:$C$34,$A13,Raspored!$E$5:$E$34,"x") | D13: =COUNTIFS(Raspored!$C$5:$C$34,$A13,Raspored!$F$5:$F$34,"x") | E13: =COUNTIFS(Raspored!$C$5:$C$34,$A13,Raspored!$G$5:$G$34,"x")
A14: veljača | B14: =COUNTIFS(Raspored!$C$5:$C$34,$A14,Raspored!$D$5:$D$34,"x") | C14: =COUNTIFS(Raspored!$C$5:$C$34,$A14,Raspored!$E$5:$E$34,"x") | D14: =COUNTIFS(Raspored!$C$5:$C$34,$A14,Raspored!$F$5:$F$34,"x") | E14: =COUNTIFS(Raspored!$C$5:$C$34,$A14,Raspored!$G$5:$G$34,"x")
A15: ožujak | B15: =COUNTIFS(Raspored!$C$5:$C$34,$A15,Raspored!$D$5:$D$34,"x") | C15: =COUNTIFS(Raspored!$C$5:$C$34,$A15,Raspored!$E$5:$E$34,"x") | D15: =COUNTIFS(Raspored!$C$5:$C$34,$A15,Raspored!$F$5:$F$34,"x") | E15: =COUNTIFS(Raspored!$C$5:$C$34,$A15,Raspored!$G$5:$G$34,"x")
A16: travanj | B16: =COUNTIFS(Raspored!$C$5:$C$34,$A16,Raspored!$D$5:$D$34,"x") | C16: =COUNTIFS(Raspored!$C$5:$C$34,$A16,Raspored!$E$5:$E$34,"x") | D16: =COUNTIFS(Raspored!$C$5:$C$34,$A16,Raspored!$F$5:$F$34,"x") | E16: =COUNTIFS(Raspored!$C$5:$C$34,$A16,Raspored!$G$5:$G$34,"x")
A17: svibanj | B17: =COUNTIFS(Raspored!$C$5:$C$34,$A17,Raspored!$D$5:$D$34,"x") | C17: =COUNTIFS(Raspored!$C$5:$C$34,$A17,Raspored!$E$5:$E$34,"x") | D17: =COUNTIFS(Raspored!$C$5:$C$34,$A17,Raspored!$F$5:$F$34,"x") | E17: =COUNTIFS(Raspored!$C$5:$C$34,$A17,Raspored!$G$5:$G$34,"x")
A18: lipanj | B18: =COUNTIFS(Raspored!$C$5:$C$34,$A18,Raspored!$D$5:$D$34,"x") | C18: =COUNTIFS(Raspored!$C$5:$C$34,$A18,Raspored!$E$5:$E$34,"x") | D18: =COUNTIFS(Raspored!$C$5:$C$34,$A18,Raspored!$F$5:$F$34,"x") | E18: =COUNTIFS(Raspored!$C$5:$C$34,$A18,Raspored!$G$5:$G$34,"x")
A19: srpanj | B19: =COUNTIFS(Raspored!$C$5:$C$34,$A19,Raspored!$D$5:$D$34,"x") | C19: =COUNTIFS(Raspored!$C$5:$C$34,$A19,Raspored!$E$5:$E$34,"x") | D19: =COUNTIFS(Raspored!$C$5:$C$34,$A19,Raspored!$F$5:$F$34,"x") | E19: =COUNTIFS(Raspored!$C$5:$C$34,$A19,Raspored!$G$5:$G$34,"x")
A20: kolovoz | B20: =COUNTIFS(Raspored!$C$5:$C$34,$A20,Raspored!$D$5:$D$34,"x") | C20: =COUNTIFS(Raspored!$C$5:$C$34,$A20,Raspored!$E$5:$E$34,"x") | D20: =COUNTIFS(Raspored!$C$5:$C$34,$A20,Raspored!$F$5:$F$34,"x") | E20: =COUNTIFS(Raspored!$C$5:$C$34,$A20,Raspored!$G$5:$G$34,"x")
A21: rujan | B21: =COUNTIFS(Raspored!$C$5:$C$34,$A21,Raspored!$D$5:$D$34,"x") | C21: =COUNTIFS(Raspored!$C$5:$C$34,$A21,Raspored!$E$5:$E$34,"x") | D21: =COUNTIFS(Raspored!$C$5:$C$34,$A21,Raspored!$F$5:$F$34,"x") | E21: =COUNTIFS(Raspored!$C$5:$C$34,$A21,Raspored!$G$5:$G$34,"x")
A22: listopad | B22: =COUNTIFS(Raspored!$C$5:$C$34,$A22,Raspored!$D$5:$D$34,"x") | C22: =COUNTIFS(Raspored!$C$5:$C$34,$A22,Raspored!$E$5:$E$34,"x") | D22: =COUNTIFS(Raspored!$C$5:$C$34,$A22,Raspored!$F$5:$F$34,"x") | E22: =COUNTIFS(Raspored!$C$5:$C$34,$A22,Raspored!$G$5:$G$34,"x")
A23: studeni | B23: =COUNTIFS(Raspored!$C$5:$C$34,$A23,Raspored!$D$5:$D$34,"x") | C23: =COUNTIFS(Raspored!$C$5:$C$34,$A23,Raspored!$E$5:$E$34,"x") | D23: =COUNTIFS(Raspored!$C$5:$C$34,$A23,Raspored!$F$5:$F$34,"x") | E23: =COUNTIFS(Raspored!$C$5:$C$34,$A23,Raspored!$G$5:$G$34,"x")
A24: prosinac | B24: =COUNTIFS(Raspored!$C$5:$C$34,$A24,Raspored!$D$5:$D$34,"x") | C24: =COUNTIFS(Raspored!$C$5:$C$34,$A24,Raspored!$E$5:$E$34,"x") | D24: =COUNTIFS(Raspored!$C$5:$C$34,$A24,Raspored!$F$5:$F$34,"x") | E24: =COUNTIFS(Raspored!$C$5:$C$34,$A24,Raspored!$G$5:$G$34,"x")
A25: Ukupno | B25: =SUM(B13:B24) | C25: =SUM(C13:C24) | D25: =SUM(D13:D24) | E25: =SUM(E13:E24)
A27: Napomene:
A28: • Od 8.10.2026. odvoz obavlja Urbanizam d.o.o. Valpovo; ovdje je raspored do tada. Izvor: https://mull-trans.hr/wp-content/uploads/2026/04/OPCINA-KOSKA-raspored-odvoza-otpada-za-2026.pdf (PDF izmijenjen 20.04.2026.)
A29: • Biootpad se na ovom području ne odvozi; preporučuje se kućno kompostiranje.
A30: • Rasporede za općine koje je ranije opsluživao Eko-Flor Plus d.o.o. sada objavljuje Mull-Trans d.o.o. na mull-trans.hr (izbornik Područje); neki PDF-ovi i dalje nose oznaku i kontakte Eko-Flora.
A31: • Spremnike treba iznijeti najkasnije do 6:00 na dan odvoza, na vidljivo mjesto pored obračunskog mjesta.
A32: • Glomazni otpad odvozi se na zahtjev podnesen najkasnije 3 radna dana prije termina: 049/587-837, glomazni@mull-trans.hr (stariji PDF-ovi navode glomazni@eko-flor.hr).
A33: • Blagdani: pomaci su ucrtani u kalendare (sivo ili uokvireno označen blagdan, strelica do zamjenskog dana, najčešće subote); takvi datumi označeni su kao pomaknuti.
A34: • Mobilno reciklažno dvorište (MRD) nije odvoz s kućnog praga; datumi su u napomeni zone, lokacije i vrijeme u PDF-u općine.
A35: • Nije uključeno: Štefanje (na mull-trans.hr je samo stariji raspored, Opcina-Stefanje-2025.pdf).

Sheet Raspored
A1: Raspored odvoza otpada 2026., Zona 59 (Koška)
A2: "x" = odvoz tog dana. Spremnike iznijeti do 07:00. Prošli datumi su posivljeni.
A4: Datum | B4: Dan | C4: Mjesec | D4: Miješani komunalni otpad | E4: Plastika i metal | F4: Papir i karton | G4: Glomazni otpad | H4: Napomena
A5: 46035 | B5: utorak | C5: siječanj | D5: x
A6: 46049 | B6: utorak | C6: siječanj | D6: x
A7: 46050 | B7: srijeda | C7: siječanj | E7: x | F7: x
A8: 46063 | B8: utorak | C8: veljača | D8: x
A9: 46077 | B9: utorak | C9: veljača | D9: x
A10: 46078 | B10: srijeda | C10: veljača | E10: x | F10: x
A11: 46083 | B11: ponedjeljak | C11: ožujak | G11: x
A12: 46091 | B12: utorak | C12: ožujak | D12: x
A13: 46105 | B13: utorak | C13: ožujak | D13: x
A14: 46106 | B14: srijeda | C14: ožujak | E14: x | F14: x
A15: 46119 | B15: utorak | C15: travanj | D15: x
A16: 46133 | B16: utorak | C16: travanj | D16: x
A17: 46141 | B17: srijeda | C17: travanj | E17: x | F17: x
A18: 46147 | B18: utorak | C18: svibanj | D18: x
A19: 46161 | B19: utorak | C19: svibanj | D19: x
A20: 46169 | B20: srijeda | C20: svibanj | E20: x | F20: x
A21: 46175 | B21: utorak | C21: lipanj | D21: x
A22: 46189 | B22: utorak | C22: lipanj | D22: x
A23: 46197 | B23: srijeda | C23: lipanj | E23: x | F23: x
A24: 46203 | B24: utorak | C24: lipanj | D24: x
A25: 46217 | B25: utorak | C25: srpanj | D25: x
A26: 46231 | B26: utorak | C26: srpanj | D26: x
A27: 46232 | B27: srijeda | C27: srpanj | E27: x | F27: x
A28: 46245 | B28: utorak | C28: kolovoz | D28: x
A29: 46259 | B29: utorak | C29: kolovoz | D29: x
A30: 46260 | B30: srijeda | C30: kolovoz | E30: x | F30: x
A31: 46273 | B31: utorak | C31: rujan | D31: x
A32: 46287 | B32: utorak | C32: rujan | D32: x
A33: 46295 | B33: srijeda | C33: rujan | E33: x | F33: x
A34: 46301 | B34: utorak | C34: listopad | D34: x

Sheet Po vrsti
A1: Datum | B1: Dan | C1: Vrsta otpada | D1: Napomena
A2: 46035 | B2: utorak | C2: Miješani komunalni otpad
A3: 46049 | B3: utorak | C3: Miješani komunalni otpad
A4: 46050 | B4: srijeda | C4: Plastika i metal
A5: 46050 | B5: srijeda | C5: Papir i karton
A6: 46063 | B6: utorak | C6: Miješani komunalni otpad
A7: 46077 | B7: utorak | C7: Miješani komunalni otpad
A8: 46078 | B8: srijeda | C8: Plastika i metal
A9: 46078 | B9: srijeda | C9: Papir i karton
A10: 46083 | B10: ponedjeljak | C10: Glomazni otpad
A11: 46091 | B11: utorak | C11: Miješani komunalni otpad
A12: 46105 | B12: utorak | C12: Miješani komunalni otpad
A13: 46106 | B13: srijeda | C13: Plastika i metal
... A40: 46301 | B40: utorak | C40: Miješani komunalni otpad
